# Size, Precision_mean, Recall_mean, Fscore_mean, Precision_std, Recall_std, Fscore_std
50.000000,0.625000,0.625000,0.625000,0.000000,0.000000,0.000000
100.000000,0.875000,0.875000,0.875000,0.000000,0.000000,0.000000
