# Size, Precision_mean, Recall_mean, Fscore_mean, Precision_std, Recall_std, Fscore_std
50.000000,0.000000,0.000000,0.000000,0.000000,0.000000,0.000000
100.000000,0.500000,0.250000,0.333333,0.000000,0.000000,0.000000
