# Size, Precision_mean, Recall_mean, Fscore_mean, Precision_std, Recall_std, Fscore_std
50.000000,0.000000,0.000000,0.000000,0.000000,0.000000,0.000000
100.000000,0.586667,0.300000,0.395338,0.158254,0.100000,0.123066
