# Size, Precision_mean, Recall_mean, Fscore_mean, Precision_std, Recall_std, Fscore_std
50.000000,0.000000,0.000000,0.000000,0.000000,0.000000,0.000000
100.000000,0.550000,0.312500,0.397436,0.050000,0.062500,0.064103
