# Size, Precision_mean, Recall_mean, Fscore_mean, Precision_std, Recall_std, Fscore_std
1000.000000,5.000000,0.000000
2000.000000,3.000000,0.000000
3000.000000,4.000000,0.000000
