# Size, Precision_mean, Recall_mean, Fscore_mean, Precision_std, Recall_std, Fscore_std
50.000000,1.000000,1.000000,1.000000,0.000000,0.000000,0.000000
5037.000000,0.666667,1.000000,0.800000,0.000000,0.000000,0.000000
10025.000000,0.888889,1.000000,0.941176,0.000000,0.000000,0.000000
15012.000000,1.000000,1.000000,1.000000,0.000000,0.000000,0.000000
20000.000000,1.000000,1.000000,1.000000,0.000000,0.000000,0.000000
