# Size, Precision_mean, Recall_mean, Fscore_mean, Precision_std, Recall_std, Fscore_std
100.000000,1.000000,1.000000,1.000000,0.000000,0.000000,0.000000
5075.000000,1.000000,1.000000,1.000000,0.000000,0.000000,0.000000
10050.000000,1.000000,1.000000,1.000000,0.000000,0.000000,0.000000
15025.000000,1.000000,1.000000,1.000000,0.000000,0.000000,0.000000
20000.000000,1.000000,1.000000,1.000000,0.000000,0.000000,0.000000
