# Size, Precision_mean, Recall_mean, Fscore_mean, Precision_std, Recall_std, Fscore_std
50.000000,0.888889,1.000000,0.941176,0.000000,0.000000,0.000000
100.000000,1.000000,1.000000,1.000000,0.000000,0.000000,0.000000
