# Size, Precision, Recall, Fscore
1300.000000,0.306660,0.647273,0.414575
