# Size, Precision_mean, Recall_mean, Fscore_mean, Precision_std, Recall_std, Fscore_std
1000.000000,0.200000,0.250000,0.222222,0.000000,0.000000,0.000000
1100.000000,0.200000,0.250000,0.222222,0.000000,0.000000,0.000000
