# Size, Precision_mean, Recall_mean, Fscore_mean, Precision_std, Recall_std, Fscore_std
30000.000000,1.000000,1.000000,1.000000,0.000000,0.000000,0.000000
40000.000000,0.888889,1.000000,0.941176,0.000000,0.000000,0.000000
