# Size, Precision_mean, Recall_mean, Fscore_mean, Precision_std, Recall_std, Fscore_std
10000.000000,0.636364,0.875000,0.736842,0.000000,0.000000,0.000000
15000.000000,0.636364,0.875000,0.736842,0.000000,0.000000,0.000000
20000.000000,0.636364,0.875000,0.736842,0.000000,0.000000,0.000000
25000.000000,0.636364,0.875000,0.736842,0.000000,0.000000,0.000000
30000.000000,0.636364,0.875000,0.736842,0.000000,0.000000,0.000000
