# N_nodes, Times_cpc, Times_elidan
2.000000,1.018371,0.076580
3.000000,12.175357,0.578896
4.000000,15.151381,2.820330
5.000000,34.821414,10.398092
6.000000,96.126911,42.567610
